dataset,actual_value,hyper_log_log_raw_estimation,hyper_log_log_raw_relative_error,hyper_log_log_raw_standard_error,hyper_log_log_with_corrections_estimation,hyper_log_log_with_corrections_relative_error,hyper_log_log_with_corrections_standard_error,recordinality_estimation,recordinality_relative_error,recordinality_standard_error
dracula,9425,9801.606575483824,0.01623375,153.00309375,9194.379807207173,0.01623375,153.00309375,9422.071924747033,0.02427155133874634,228.75937136768425
crusoe,6245,7060.115108203301,0.01623375,101.37976875000001,6261.941959586503,0.01623375,101.37976875000001,6224.544802197968,0.022698164043237982,141.7500344500212
iliad,8925,9404.730866920892,0.01623375,144.88621875,8672.284642003573,0.01623375,144.88621875,8999.393571195798,0.02429960553036338,216.87397935849316
synthetic_1,20408,20343.24938806272,0.01623375,331.29837000000003,20278.804830039688,0.01623375,331.29837000000003,20503.699991873145,0.029659659277914547,605.2943265436801
quijote,23034,23545.800732723237,0.01623375,373.9281975,23063.522820274764,0.01623375,373.9281975,22700.893675625142,0.02782123462349731,640.834318317637
