dataset,actual_value,kmv_estimation,kmv_relative_error,kmv_standard_error
dracula,9425,9334.825832574666,0.015625,147.265625
crusoe,6245,6188.995110635783,0.015625,97.578125
iliad,8925,8676.776380680956,0.015625,139.453125
synthetic_1,20408,20056.605863794637,0.015625,318.875
quijote,23034,23164.67502936458,0.015625,359.90625
