dataset,actual_value,hyper_log_log_raw_estimation,hyper_log_log_raw_relative_error,hyper_log_log_raw_standard_error,hyper_log_log_with_corrections_estimation,hyper_log_log_with_corrections_relative_error,hyper_log_log_with_corrections_standard_error,recordinality_estimation,recordinality_relative_error,recordinality_standard_error,pcsa_estimation,pcsa_relative_error,pcsa_standard_error,kmv_estimation,kmv_relative_error,kmv_standard_error
dracula,9425,9785.45493135245,0.01623375,153.00309375,9508.10246389892,0.01623375,153.00309375,9507.56757996811,0.02427155133874634,228.75937136768425,9442.680937701882,0.0172357277914221,162.4467344341533,9441.951550219543,0.015625,147.265625
crusoe,6245,7064.618118421477,0.01623375,101.37976875000001,6243.532939834713,0.01623375,101.37976875000001,6281.029251878782,0.022698164043237976,141.75003445002116,6729.162646874435,0.0172357277914221,107.63712005743102,6293.685662059927,0.015625,97.578125
iliad,8925,9220.976073504193,0.01623375,144.88621875,8911.785005596621,0.01623375,144.88621875,8833.95386241826,0.02429960553036337,216.87397935849307,9181.113774027182,0.0172357277914221,153.82887053844226,8959.010683066483,0.015625,139.453125
synthetic_1,20408,20420.571430244974,0.01623375,331.29837000000003,20415.266096207284,0.01623375,331.29837000000003,20629.21808846983,0.029659659277914543,605.29432654368,20692.44848883248,0.0172357277914221,351.7467327673422,20078.16128768123,0.015625,318.875
quijote,23034,23443.630427683816,0.01623375,373.9281975,22794.32523112139,0.01623375,373.9281975,22756.379151615198,0.027821234623497303,640.8343183176369,23302.602446030804,0.0172357277914221,397.00775394761666,22966.175542146295,0.015625,359.90625
